<?xml version="1.0" encoding="utf-8"?>
<openerp>
	<data noupdate="0">

			<record id="base.group_sale_supervisor" model="res.groups">
				<field name="name">Supervisor</field>
				<field name="category_id" ref="base.module_category_sales_management" />
				<field name="implied_ids" eval="[(4, ref('base.group_sale_manager'))]" />
			</record>
			<record id="base.group_sale_admin" model="res.groups">
				<field name="name">Admin</field>
				<field name="category_id" ref="base.module_category_sales_management" />
				<field name="implied_ids" eval="[(4, ref('base.group_sale_supervisor'))]" />
			</record>
			<record id="base.group_sale_rom" model="res.groups">
				<field name="name">ROM</field>
				<field name="category_id" ref="base.module_category_sales_management" />
				<field name="implied_ids" eval="[(4, ref('base.group_sale_admin'))]" />
			</record>
						
	</data>
</openerp>
